{
  "time": 0.8756378990001394,
  "image": {
    "width": 788,
    "height": 477
  },
  "predictions": [
    {
      "x": 336,
      "y": 180,
      "width": 368,
      "height": 266,
      "confidence": 0.8313546776771545,
      "class": "railway-cracks",
      "class_id": 0
    }
  ]
}